id	transcript
001eecbe-10b9-4aee-902d-8003ef425d93	"Agent: Hi, good afternoon. This is  calling you from Cred
Customer: Ok.
Agent: Am I speaking to Mister समीर.
Customer: Yes.
Agent: Hi Mister so this call is regarding your insurance  for  vehicle your insurance is going
Customer: ok
Customer: I did it actually it was not possible from cred so I used I was waiting and my time was near in
Customer: So I updated from another source
Agent: Ok.
Agent: Which sure can you please let me know sir if you don't mind
Customer: No issues. ma'am.
Customer: from policy I think
Agent: Ok, which insurer it is sir
Customer: I think so it's from SBI.
Agent: and what was the issue you were getting can you please let me know
Customer: hello
Customer: actually the thing was like I I got a link about January I think so January or february I think
Customer: regarding the insurance update. Ok?
Agent: hmm
Agent: Ok.
Customer: So now my update the insurance is finishing around april first.
Agent: Yes. Ok.
Customer: So I did not upgrade at that time but when it was in like 1 week now it's around  days remaining
Agent: right?
Agent: Yeah.
Customer: So I just went on to that link and it was not updating and then again I went on to search any plus available
Agent: Ok.
Customer: from Cred side.
Customer: but it was not available from there also.
Customer: like to I tried 3 to 4 days but it was not available.
Agent: Good
Customer: and so as it was near  updated from another source
Agent: So sorry to hear about this In future, if you are facing any issues you can just raise a concern from the application the team will get in touch with you you have active policy.
Customer: Ok.
Agent: Ok but however, I'll take this feedback and I will share the feedback to my team. But next time please do check on the cred application. we'll try to give you the best quotation on the best services.
Customer: Yeah.
Customer: Definitely.
Customer: Definitely.
Agent: Yeah, Thank you so much for your valuable time sir. Have a very good day.
Customer: Thank you
Customer: Yeah."
004d9af7-9a03-4d99-aa4e-4651f7a4d598	"Agent: Good evening. This is भावना I am here to assist you. Am I speaking with मुकुल
Customer: Yes you are speaking with  I have a little problem.
Customer: Actually my amount is due around 5000
Agent: जी.
Customer: it is showing in the cred around 1100
Customer: this problem was earlier in the cred app so when I was paying the bill of february
Customer: even even that time also the amount due the cred application was showing more and when I have paid the paid the due amount also then also it was showing pending.
Customer: So what is the problem with this  I'm very new to this seriously I don't know anything about this So please kindly guide me
Agent: Yes, surely I really apologize for the inconvenience. rest sure I will try my best to assist you
Agent: Can you please confirm me the ending digits of the car you are talking about?
Customer: I have 2 card linked with with with the same number.
Customer: 1 1 card is 1 card and with
Customer: digit
Customer: 4 0
Customer: and  1 card is
Agent: Yes.
Customer: triple 0
Customer: and these both cards are telling. So previously when  there was a issue so 1 of the customer care
Agent: Yes.
Customer: told me that sir these  cards are in telling that you have
Customer: link
Customer: So I linked in front of it
Customer: and after that again
Customer: the problem is coming I want to pay my due amount via credit
Customer: but
Customer: it is showing 11000 on ICICI app it is showing 5000
Customer: So if cred will not give me any benefits why I would use the cred cred
Agent: I'm totally understanding your concern and apologize for the inconvenience. So your both card linked
Agent: the due amount is reflecting as 17. पैसे. Right?
Customer: Yeah.
Agent: and the due date is third april 2026
Agent: We are fetching your these details by भारत bill payment system
Customer: Yeah.
Agent: and the statement you have received on sixteenth march but your concern is credit application is searching incorrect statement right
Customer: Yeah, cred I have not seen the statement on the cred application but
Customer: the when I am opening the application it is showing that 11000 thousand is pending but it is not pending actually
Agent: Good
Agent: Yes.
Customer: I have paid 1000 but
Customer: some some of the amount has credited back to me
Customer: because I have booked  book  ticket and I have canceled and
Customer: refund amount has come in the ICICI ICICI bank app
Customer: it has come.
Customer: but in the cred app it is not showing because of that again and again it is showing that I have to pay 11000
Agent: Ok, totally understanding your concern ok and I really apologize for the inconvenience
Agent: So as you are mentioning that you have booked some   tickets and you have received the refund after the bill generation right?
Customer: Yeah yeah sure.
Agent: Yeah. So मुकुल we only fetch statement once in a month  statement was fetched on sixteenth march and you have received the refund after the sixteenth march
Agent: That is why it is not updated on the credit application.
Customer: जी.
Agent: So whenever you will receive the next statement it will update
Agent: because we fetch the statement once in a month only.
Customer: Yeah.
Customer: what should I do should I pay 11000 then
Agent: No no, you can refer your banking application and pay that amount.
Customer: so what is the benefit of using cred app
Agent: but  we fetch statement  in a month
Customer: this is the  this is the glitch from your side.
Agent: This is not
Customer: what is the what is the what is the benefit of using Cred app just for 2 to 3 reward I should use cred app only.
Customer: is totally मतलब
Customer: मतलब seriously you people are doing some work and
Customer: try to do something good  मतलब you people are rating people
Agent: I really apologize  like that but we only fetch statement once in
Customer: last time also I talk with your representative the same answer
Customer: same answer
Agent: but you have received the refund that is why it is not updated
Customer: Hello.
Customer: No.
Customer: So I am telling you
Customer: I have used I am using cred app for
Customer: for repayment of my because I will get some rewards and all
Customer: if you people are not updating the credit card bills and all.
Agent: Ok.
Agent: Ok.
Customer: then there is no point using this  this is this is like any other UPI ten
Agent: So
Customer: I  use भारत  or Google pay pay why will use cred
Agent: we
Customer: Ok, thank you for your time thank you for your time. You have not resolved my problem.
Customer: Ok.
Agent: I really apologize for that but
Customer: Thank you. Thank you"
00fb6889-edef-4b5d-8dfc-3080d02ccd24	"Agent: Hello.
Customer: Hello.
Agent: Very good afternoon sir. This is  calling from Cred. this call regarding your car insurance renewal your alto Is this a good time to talk
Customer: हां बोलिए ना sir
Agent: जी sir last time आपने cred से आपकी alto का insurance renew करवाया था और एक बार आपका
Customer: So
Agent: policy insurance के
Agent: expiry के करीब आया था तो मुझे सिर्फ यह जानना था कि आपको कोई सहायता की assistance की ज़रूरत था आगे बढ़ने से पहले
Customer: नहीं नहीं अभी तो नहीं
Customer: अभी है ना चार तारीख का है मेरा.
Agent: जी.
Agent: चार तारीख का
Customer: last चार तारीख है.
Agent: बिल्कुल बिल्कुल.
Customer: करवा लेंगे उसको
Agent: हां
Agent: ठीक है sir  मैं करवा लीजिए ताकि pre inspection try करना हो ठीक है
Customer: क्या बोले sir
Agent: चार तारीख तक करवा लीजिए sir ताकि pre inspection try करना हो
Customer: हां हां ok
Agent: ठीक है sir और एक बात confirm
Agent: कर लीजिए cross verify
Agent: No claim होने  एक बार confirm कर लीजिए sir आगे बढ़ने से पहले
Agent: ठीक है
Customer: Ok sir.
Agent: ठीक है sir बहुत धन्यवाद आपका आपका दिन शुभ हो. Thank you"
01343fa4-54e8-4eac-a707-ceb817e806b0	"Agent: good afternoon good afternoon  this is data You can calling you from Cred on a recorded line. Is this the right time to talk
Customer: ok
Customer: hmm
Customer: no
Customer: हां.
Customer: कहां से
Agent: Good afternoon. मैं Good afternoon महेश मैं  बात कर रही हूं आपकी  cred team से और मैं recorded line पर हूं क्या  आपसे बात करने की सही समय है
Customer: नहीं कहां से बोल रहे हैं यह नहीं समझ  रहा
Agent: मैं Cred से बात कर रही हूं ना आपकी  और आपके आपने जो policy खरीदा है यह आपके policy के regarding एक follow up call है
Customer: यह ICICI है क्या?
Agent: जो  team से बात कर रहे हैं  app के जरिए आपकी policy purchase
Customer: कौन सी policy
Agent: हां जी.
Customer: vehicle हां बराबर
Agent: यह आपसे बात करने की सही समय
Customer: हां ठीक है
Agent: हम जैसे check कर पा रहे हैं आपने आपका vehicle number जो है  इसके लिए ICICI Lombard के policy purchase किए हैं और इसके लिए inspection pending में थे माफी चाहूंगी आपको  परेशानी हुई है और हम  आपको  करने के लिए call करे हैं तो जैसे हम check कर पा रहे हैं कल रात को ही आपने address  phone number जो है submit कर चुके हैं inspection complete करने के लिए और अभी फ़िलहाल हम check कर पा रहे हैं एक    जो है already assign कर दी गई है ताकि inspection    पाए तो कि अभी भी आपके पास कोई call या कोई message आए
Customer: हां.
Customer: हां
Customer: हां.
Customer: हां
Customer: हां.
Customer: phone आया है
Agent: Ok, तो क्या वह बताया है कि वह अभी complete कर रहे हैं  ऐसा कोई बता दिया गया है already inspection के लिए
Customer: हां वह आऐंगे ऐसा बोला
Agent: ठीक है तो फिर आप kindly inspection complete कर दीजिएगा ताकि further process  policy और यह inspection   पूरा policy  में अगर आपको यह policy के regarding कोई भी   तो कोई भी concern  I mean concern हो आप हमारे support section के द्वारा हमारे साथ बिल्कुल connect कर सकते हैं. Ok
Customer: hello
Customer: वाला
Customer: ok ok
Agent: Thank you so much. मैं आपको और कोई सहायता कर सकती हूं cred के विषय में Ok, तो call खत्म करने से पहले क्या मैं आपको valuable feedback मांग सकता हूं हमारे बातचीत के basis पर  तीन से पांच second लगेंगे.
Customer: नहीं बस thank you.
Customer: हां
Agent: क्या हमारे बातचीत के basis पर महेश जी मैं आपको valuable feedback मांग सकता हु
Customer: नहीं.
Agent: इसमें से तीन से पांच second लगेंगे.
Agent: ठीक है तो फिर मैं call को feedback IVR में भेज रही हूं जिसमें एक से पांच के beach में आप rating share कर पाएंगे इसमें पांच होते हैं बहुत अच्छा और एक होते हैं
Customer: Ok.
Agent: जी क्या मैं call को feedback IVR में भेजूं जहां आप  rating share कर सकते है
Customer: हां sir.
Agent: ठीक है तो क्या आप एक rating feedback IVR के द्वारा देना चाहते हैं तो फिर मैं call को feedback IVR में भेज रही
Customer: हां ठीक है
Agent: Ok, तो फिर मैं feedback IVR में  call भेज रही हूं Cred को choose करने के लिए बहुत बहुत धन्यवाद. आपका दिन शुभ रहे.
Customer: Ok. Ok.
Agent: We request you to rate your experience with our expert on a scale of 1 to 5 with 1 being poor and 5 being excellent.
Agent: Please press the number on your dial pack to
Agent: You have just helped us improve the credit experience for all our members.
Customer: the
Agent: Do reach out again in case of any other concerns.
Agent: Thank you and have a good day.
Customer: Ok."
018cb49c-d7cb-4e60-adda-2bae09c0e59a	"Customer: Yeah.
Agent: Good afternoon. This is Tanya I'm here to assist you today. Am I speaking with अमित?
Customer: क्या
Customer: Yes.
Agent: Thank you for confirming your name असी
Customer: Ma'am
Customer: Yeah.Yeah.
Customer: I just quickly jump into my query actually it's   a query I just want an acknowledgement.
Customer: I have foreclose my cred cash loan just like 10 minutes ago
Agent: Ok.
Customer: I just wanted a acknowledgement or receive like of an noc because see my next  EMI was is also due like on second of third of april
Customer: So I just want to ensure all the e mandate and everything is closed
Agent: hmm
Customer: You know, no extra amount get cut because I have just closed and done the complete payment.
Agent: did you pay the amount through any link or anything
Customer: Yes yes yes. Actually I was facing some issue while when when I was  trying it from the app so I called you guys only
Agent: Ok.
Agent: Yes.
Customer: and you know someone some team share a link of raise
Agent: Right.
Customer: on on my email ID and I did the payment. I have taken a screenshot also.
Agent: please share me the screenshot. I have shared you a link to your registered mobile number via SMS.
Agent: once you will click on the link you will get the option of add attachment.
Agent: set
Customer: do it right away.
Agent: screenshot I'll check and help you
Agent: hmm
Customer: to you
Customer: upload the document Ok.
Customer: Ok.
Customer: हां
Customer: yeah
Customer: Yes. I have done
Agent: Yes, I have just received Please be online. I'm checking.
Customer: हां
Customer: वह तो कल कर देंगे.
Agent: Thank you so much. Yes, we have successfully received the amount of 4 lakh 978 47 rupees and this will update as you have just paid the amount this will update
Customer: Yes.
Customer: ok
Customer: email ID
Agent: like on the same day
Agent: like same day it will be updated
Agent: and if it will not get update on same day it will take maximum 24 hours timeline Ok?
Customer: Ok.
Customer: Ok.
Customer: Ok ok. So after that everything will be like you know the
Agent: Yes.
Agent: Yes, after that you will be download the NOC
Customer: my date everything Yeah. Ok.
Customer: Ok, thank you. Thank you so much. Because I just wanted that information only.
Agent: hmm
Agent: is there anything else I can help you
Customer: No, that would be  Thank you so much.
Agent: Ok. I have a small request from my side before we end this call, may I request you to share your valuable feedback
Customer: Yes yes you can you can you can shift it to the IVR feedback and I'll just do it right away.
Agent: Thank you so much. Thank you for choosing. I hope you have a great day.
Customer: You too.
Agent: We request you to rate your experience with our expert on a scale of 1 to 5 with you have just helped us improve the credit experience for all our members.
Customer: एक minute
Customer: Yes.
Agent: Do reach out again in case of any other concerns.
Agent: Thank you and have a good day."
01c32e43-e03c-47f5-83a4-e836291e235b	"Agent: Hello.
Customer: हां जी.
Agent: जी से बात हो रही है
Customer: जी.
Agent: जी नमस्कार ममता बात कर रही हूं आपके car insurance के renewal के regarding phone किया मैंने
Customer: जी.
Agent: आपने पिछली बार cred से ही  करवाया था sir आपकी
Agent: and
Agent: और इस बार आपकी जो car insurance renewal  के समय आ चुकी है तो हमने एक छोटी सी reminder  reminder set किया था आपके लिए
Agent: अगर आपको कुछ assistance चाहिए कुछ  चाहे quotation समझने के लिए या फिर
Customer: जी.
Agent: Ok चौदह तारीख april को आपकी policy जो है card की वह expire होने वाली है था
Agent: हां जी चौदह
Agent: यह april को.
Customer: Ok ma'am.
Agent: जी आपके लिए कोई callback arrange करवानी है सही समय
Customer: नहीं जी मैं कर लूंगा
Agent: ठीक है
Agent: और यह भी ध्यान दीजिएगा sir कि आगे proceed करने की समय आपकी जो NC भी होती है वह एक बार check कर लीजिएगा.
Agent: ताकि बाद में दिक्कत ना आए claim process में आपको
Customer: ठीक है.
Agent: जी इसके अलावा कुछ जानकारी कुछ और सहायता
Customer: thank
Agent: जी धन्यवाद आपकी समय के लिए अगर आपको    पांच second और ले सकती हूं मैं
Agent: Thank you
Agent: यह call को IVR में जी यह call IVR में forward
Customer: जी.
Customer: जी मैं दी  हूं ma'am अभी
Agent: कोई बात नहीं sir जी धन्यवाद sir. कोई बात नहीं आपका दिन शुभ रहे.
Customer: hmm
Customer: Ok."
022c2fc7-3517-4214-b529-44498eab213e	"Customer: Yes.
Agent: Good morning. This is Falak I am here to assist you. Am I speaking with Uma महेश?
Customer: Yeah.
Agent: Mister राव you have reached out to us about the item which you have purchased from Cred.
Agent: stating that it has not been delivered to you yet
Customer: Yeah.
Agent: You have raised the concern about an item stating that the item has not been delivered to you yet
Customer: Yeah.
Agent: Thank you for the confirmation.
Agent: I'm sorry for the delay and  inconvenience which you are facing with this particular product please don't worry  definitely I will help you out with that
Customer: it's ok thank you
Agent: What I can check here is that yes the item has been  the item I can check  ship status and it is out for delivery
Agent: So the expected delivery timeline for the particular item is third of april till sixth of april
Agent: I would request you to please wait till sixth of april the logistics will definitely try their best to get this item deliver to  at your doorstep on  before sixth of april
Customer: Ok.
Agent: Thank you so much.
Agent: Apart from this,  is there anything else I can help you?
Customer: it's ok.
Agent: Ok. Ok. So before we end this call, may I request you to share your valuable feedback on the basis of the conversation
Customer: Yeah.
Agent: Thank you. Then I'll be transferring the call to the feedback IVR. You can
Customer: Ok.
Agent: You can rate between 1 to 5, 1 being poor and 5 being excellent.
Customer: Ok.
Agent: Thank you for choosing Cred. Hope you have a great day ahead.
Agent: We request you to rate your experience with our expert on a scale of 1 to 5."
0281fdef-53d0-4ac6-9a51-fe723ae830ce	"Customer: Ok.
Agent: Good evening. My name is emi calling you from Cred on a recorded line. Am I speaking with नवीन?
Customer: Yeah.
Agent: thank you so much  for confirming your name. Is this a good time to speak
Customer: hmm
Agent: Ok. So  actually we can see that you have raised a ticket that your vehicle number which is ending with 0 810 the details are incorrectly shown in the Cred Am I correct?
Customer: hmm
Customer: hmm
Customer: vehicle number is correct but the model or the card name is different.
Agent: Ok, I got your concern  I'm very sorry that you are facing this issue but I'll definitely try my best to help you
Agent: Ok?
Agent: So  is it a महेंद्र and महेंद्र 700
Customer: No no, महेंद्र महेंद्र 7
Agent: it's  for you said right
Customer: Yeah yeah.
Agent: Ok. It's ok. It's   right?
Customer: Yeah.
Agent: what is the variant please let me know
Customer: जी.
Customer: automatic deal
Agent: Ok, actually we have option in  but not in automatic
Customer: hmm
Agent: like we have  an option. So this is not the correct right?
Customer: hmm
Customer: This is not the correct
Agent: So I'm very sorry actually you are unable to get it correct but we can raise this concern then it can be corrected for that we need the RC both side Can you please share it with us
Customer: hmm
Customer: Yeah yeah, I'll share
Agent: Sure. So  I am sharing you a link on your SMS. You can click on this link and it will redirect you to the Cred application.
Agent: and you will get an option of add attachment over there please attach both the sides of RC so that we can go ahead with the
Agent: Ok.
Customer: Ok.
Agent: So I request you to please check now that if you have received the link or not
Customer: Yeah. I have received.
Agent: Ok, then I'm on the line. Please check from your end and share the document.
Customer: हां
Customer: हां
Customer: हां
Agent: Sure.
Customer: hmm
Customer: जी.
Customer: तो
Customer: हां.
Agent: let me know please if you are facing any issue.
Customer: actually it is redirect  to only app store cred app is
Agent: Ok, then are you on the homepage
Customer: हां
Customer: No no, I'm just clicking the link and it is redirecting me to the app store.
Agent: hmm
Agent: Ok, then I request you to please go to the home page and you can see the profile section is there. please open the profile section.
Customer: हां.
Customer: Ok.
Customer: wait
Agent: Are you in the profile section
Customer: हां
Customer: हां हां.
Agent: Yes.
Agent: then please check on the top right corner you will be able to see the support section. please open that
Customer: जी.
Customer: Ok.
Customer: एक second.
Customer: where I need to go
Agent: support section on the top right corner
Customer: जी.
Customer: date
Customer: हां.
Customer: ok
Customer: जी.
Agent: Are you on the support section
Customer: possible
Customer: after some time actually I got some work Ok."
02c71b46-97cb-4664-9c00-101b226f912e	"Agent: Good evening. This is प्रशांत I'm here to assist you today. Am I speaking with
Customer: Sir मैंने
Customer: cred से पैसे निकाला card से
Agent: जी.
Customer: ending में डालिए
Agent: pending में
Customer: on hold लिखा रहा
Agent: जी मैं बहुत माफी चाहूंगा आपको समस्या क्या आप confirm करिए मेरी बात  जी से हो रही है
Customer: बोल रहा हूं
Agent: जी confirm करने के लिए धन्यवाद. मैं देख पा रहा हूं यह आपने आज की date पर तीस तारीख को एक payment करी है  हज़ार रुपए की
Customer: Sir मैंने कल नहीं  जिसमें पैसे ही का करके.
Customer: तो sir हो गया लेकिन मैं दुबारा  तो bill का करना  card
Agent: जी.
Customer: उसके लिए   दुबारा
Agent: जी मैं बिल्कुल आपकी बात समझ पा रहा हूं आपसे  माफी चाहूंगा. मैं देख सकता हूं आपने transaction   हज़ार रुपए की की है जिसमें आपने एक हज़ार पांच सौ बीस रुपए का rice fees pay किया था और यह payment आपने तीस march की थी SBI credit card  की  2028 payment आपने   अभी भर जी को की थी
Customer: जी जी अमित कुमार जी
Agent: जी मैं देख पा रहा हूं यह transaction आपकी अभी processing stage में है और बहुत माफ़ी चाहूंगा आपसे इसके लिए
Agent: और इसके regarding मैं आपको बताना चाहूंगा कि यह जो transaction आपकी hold पर है इसका जो maximum   चौबीस घंटे का है उसके  इसका जो status update हो जाएगा और यह payment आपकी इसलिए hold पर है यह security reasons के जैसे hold पर लगा   कि  किसी और ने आपके account से कोई transaction तो नहीं initiate कर दी है और हो सकता है आपके पास call भी receive होगी
Agent: कि यह
Customer: जी sir यह  card हमें card का bill भरना है तो इसलिए थोड़ा सा
Agent: कोई बात नहीं  जी आपके पास एक call receive होगी आपको उस पर  जो भी information पूछेगा उनको बता देना है और वह IVR call होगी system generated तो कोई दिक्कत नहीं है इसमें आपका  पूरी तरीके से  और चौबीस घंटे के अंदर इसका status update हो जाएगा
Customer: ठीक है
Agent: जी मनोज जी इसके अलावा और कुछ सहायता कर सकता हूं
Customer: तो payment तो आ जाएगा ना     sir मेरे  ना  लगने  से late करूंगा card को तो
Agent: हां जी मैं बिल्कुल समझ पा रहा हूं  माफ़ी चाहूंगा हमारी तरफ से पूरी कोशिश रहेगी transaction  successfully complete हो जाए और अगर fail भी होती है तो उसका आपको refund पूरा receive हो जाएगा.
Customer: sir कब तक हो जाएगा थोड़ा जल्दी नहीं हो सकती क्या
Agent: माफ़ी चाहूंगा आपसे यह सब system  system generate transactions होती है manually कोई भी interrupt नहीं किया जा सकता है
Customer: जमा करना था
Agent: मैं आपसे request करूंगा चौबीस घंटे का wait कर लीजिए इसके  transaction के update हो जाएगी.
Customer: ठीक है.sir
Agent: इसके अलावा कुछ सहायता कर सकता हूं मैं आपकी  जी cred से संबंधित? जी ठीक है इस call को end करने से पहले क्या आपसे एक छोटे से feedback की request कर सकता हूं बातचीत के आधार पर
Customer: Ok.
Customer: जी बताइए sir
Agent: जी इस call को अपने feedback IVR पर transfer कर रहा हूं. जहां पर आप एक से लेकर पांच तक  सकते हैं. पांच सबसे अधिक होगा एक सबसे कम. cred को चुनने के लिए धन्यवाद. आपका दिन शुभ हो.
Agent: We request you to rate your experience with our expert on a scale of 1 to 5 with 1 being poor and 5 being excellent.
Agent: Please press the number on your dial pack to
Agent: We won't able to register any input.
Agent: You have just helped us improve the credit experience for all our members."
0304b42a-f5fe-44d2-9d04-4c91ac62a67d	"Agent: Good evening  assist you today. Am I speaking  पंकज?
Customer: Yes.
Agent: Thank you पंकज for confirming your name. So as I can check that you have raised your concern regarding the withdrawal issue that you are facing
Customer: Yes yes yes.
Agent: Ok. So can you please tell me what is the issue that you are facing at the time of withdrawal
Customer: Just
Customer: Correct.
Agent: first of all  thank you for confirming your name
Customer: we got error there are flight we are facing an issue.
Agent: Ok, I'm really sorry to hear that  can you please share me the screenshot of the error that you are facing in the application
Customer: I think install is not
Customer: allow in this application
Agent: Ok. So you can do 1 thing. If you have another phone by you you can simply click on image of the error   showing the application and try to attach it
Customer: ठीक है
Customer: Just
Agent: Ok. So I have shared you a link in your registered mobile number.
Agent: So please check it have you received
Customer: Yes, I have received
Agent: Ok. Just click 1 minute and try to upload that
Agent: will it be possible by saying on the call you can share me the attachment
Customer: Yes, just a minute please.
Agent: Ok sure.
Agent: once you uploaded please let me about that
Customer: yes just a minute
Agent: ok
Customer: हां correct.
Customer: done from my side
Agent: Ok, you are saying something
Customer: done from my side. I have attached
Agent: Ok sure.
Agent: Ok, thank you for sharing the details I have received your charge
Agent: Ok.
Agent: So regarding the same I have raised your concern I just want to inform you
Agent: that is the resolution timeline for this   by april third. So by that time our team will check and give you the update regarding your concern that I have raised for you
Customer: Ok.
Customer: hmm
Agent: Ok.
Agent: just want to inform you the yes and
Customer: Ok.
Agent: regarding the same, I just want to inform you that you will be notified through WhatsApp as well you can check the status in the cred support section of
Customer: Ok ok.
Agent: Ok. I'm really sorry for the inconvenience. Apart from that, do you have any further queries?
Customer: No problem. No problem
Customer: No no.
Agent: Ok.
Agent: So before we end this call, may I request you to share valuable feedback basis on our conversation just take
Customer: अच्छा.
Agent: Am I audible?
Customer: Yes yes yes yes.
Agent: Ok. So I was sani before we end this call, may I request you to share your valuable feedback based on our conversation. just take a
Customer: Yes yes please share
Agent: Ok, thank you. So I will transfer your call to the feedback IVR.  You can
Customer: हां हां
Agent: Ok. So you can do the rating between 1 to 5. 5 being excellent and 1 being poor. Thank you for choosing Cred. I hope you have a great day ahead.
Customer: Ok. Thank
Agent: Thank you
Agent: We request you to rate your experience with our expert on a scale of 1 to 5 with 1 being poor and 5 being excellent.
Customer: Yeah.
Agent: Please press the number on your dial pack to
Agent: You have just helped us improve the credit experience for all our members.
Agent: Do reach out again in case of any other concerns.
Customer: हां.
Agent: Thank you and have a good day."
035638ed-3012-485c-a93e-cab5df34dc5e	"Agent: Good evening. This is Ronit here to assist you today. Am I speaking with कृतिका
Customer: Yeah.
Agent: Thanks for confirming your name कृतिका As I have checked that your request is in regard to the account deletion right?
Customer: Yeah.
Agent: So could you please tell me the reason why you want to delete your account?
Customer: No, I don't want to  it's not used to
Agent: So you don't find it useful That is the reason
Customer: Yeah.
Agent: you want to delete your account
Agent: thank you so much for confirming the reason कृतिका
Customer: Ok.
Agent: So we have 2 options for you
Agent: 1 is deactivation deactivation means you can deactivate your account at any time you want
Agent: and the second option is deletion So after the deletion you can create a new account with the same number within next 48 hours. So so decision is yours
Customer: जी.
Agent: you want to proceed with deletion or ok? So
Customer: to delete delete
Agent: your decision is with
Agent: bond deletion right?
Customer: Yeah.
Agent: So completely understand your point that you want to delete this account.
Agent: So please go to the profile section.
Customer: hmmm
Agent: then UPI settings
Customer: hmm
Agent: then account management
Customer: details ok.
Agent: Yes.
Agent: and in the account management you will find  dot on the top right corner
Customer: hmm
Agent: please click on 3 dot
Customer: you want me to do it now
Agent: there is
Agent: Yes.
Agent: the registered from UPI option is showing to you
Customer: 1 minute.
Customer: 1 minute.
Agent: Yes, because you have to register the UPI account. This is the first
Customer: hmm
Agent: basic requirement to delete the account.
Customer: hold on for 1 minute. I'll do
Agent: No problem. Take your
Customer: Yeah, you tell me how the process
Agent: So please go to the profile section of cred
Customer: fine. Ok.
Agent: Yes and
Agent: the UPI settings option is visible to you
Customer: Ok. Yeah.
Agent: and then account management
Agent: then
Customer: hmm
Agent: when you are clicking on account management you are able to see that
Agent: dot on the top right corner
Customer: Yeah. I have been registered
Agent: So
Agent: Ok, you have registered Thank you so much for confirming I have to check and then I'll proceed.
Customer: hmm
Agent: Yes, the account is registered
Agent: And as I have checked that you have rupees  as a cred balance If you want to utilize it you can utilize this
Agent: right away because after deletion this amount the estimated amount will get
Agent: get
Agent: last from this account.
Customer: how many
Agent: rupees
Customer: No no
Agent: Ok so as I have
Customer: what can I for
Agent: So you can use coins  I'll provide you the information so there is the daily reward section in the Cred app
Agent: You can see the games over there.
Agent: just like triple 7 games and slot games
Customer: account.
Agent: Ok.
Agent: So thank you so much for the confirmation that you you don't want to use the cred coins as well
Agent: So as I have checked that you haven't taken any loan from cred cash right
Customer: Yeah.
Agent: and please allow me a moment I have to do
Agent: 2 to 3 basic check more than then I'll proceed with the deletion
Customer: Ok.
Agent: and as I have checked that the cred wallet is also not active.
Agent: of this account right
Customer: Yeah. Yeah.
Agent: and as of now
Agent: So you don't hold any gold right with cred no gold holding
Customer: No no.
Agent: So and
Agent: No ticket is pending.
Agent: showing here
Agent: with cred
Customer: No.
Agent: and no every no SIP is showing to
Agent: showing with cred
Customer: No no
Agent: So
Agent: completely understand. So I have  to do
Agent: 1 basic check more and then I'll proceed with the deletion Please allow me a moment only.
Customer: Ok.
Agent: So as I have checked that
Agent: so your request to delete your account is escalated to our internal team.
Agent: so the account will get deleted within next 48 hours
Agent: due to legal security complaint and auditing requirements
Agent: not  that is deleted
Agent: the payment related transaction history will be returned in encrypted format
Agent: and if you want to know how we can handle your data
Customer: hmm
Agent: you can refer our privacy policy which is the cred dot club
Agent: slash privacy
Customer: Ok.
Agent: and your current phone number which is 2392 46 double 53
Agent: will be discontinued from Cred within next 48 hours if you wish to choose credit in future so you can create a new account with the same number.
Customer: Ok.
Agent: So is there anything else apart from this help you regarding cred cret का?
Customer: No.
Agent: So the thing which I have explained you over the call I'm providing the same information on email itself as a proof that your account is deleted from cred end.
Customer: Ok.
Agent: So is there anything else  कृतिका help you regarding cred?
Customer: No.
Agent: Great, before we end this call requesting you provide your valuable feedback based on our conversation.
Customer: Ok.
Agent: Great. I'll transfer your call to our feedback IVR. You can just select between 1 to 5 where 5 is being excellent and 1 is being poor
Agent: thank you for choosing Cred कृतिका Hope you have a great day ahead.
Customer: हां.
Agent: Thank you so much for those"
03d4cc01-c95c-4a7c-978f-ba08b8642fb3	"Agent: Good morning. This is सफ़िया. I'm here to assist you today. Am I speaking with प्रीत सिंह
Customer: Yes. Mam
Customer: Ma'am मैंने
Customer: confirm करना था ना मेरा ना जैसे CIBIL score check किए थे मैंने
Agent: Ok.
Customer: Ma'am वहां पर नीचे मैंने check किया था वहां पर ना मेरे को consumer loan show कर रहे हैं
Agent: Ok.
Customer: वह पूछना था मतलब मुझे कैसे पता   वह चीज़ के चल रहे हैं account से
Agent: कि जैसे कि मैं देख पा रही हूं अपने end से कि आपका cred application से कोई भी loan हम नहीं देख पा रहे हैं क्या आप confirm कर सकते हैं कि आपको जो loan reflect हो रहे हैं वह cred application से reflect हो रहा है means  cred का नाम visible है क्या
Customer: Ma'am Cred का ना वहां पर ना लिखकर आ रहा है ma'am  consumer loan है लेकिन वह मुझे  तो show नहीं हो रहा है  Cred app में show हो रहा है
Agent: Yes.
Customer: कहां से check हो सकता है कुछ  आपको
Agent: Alright एक minute का समय दीजिए please क्या आप मुझे confirm कर सकते हैं कि मेरे   से ही हो रही है? right नाम confirm करने के लिए धन्यवाद. तो जैसे कि आपने mention किया कि आपके जो आपके जो CIBIL report में loan reflect हो रहे हैं credit से ही हो रहा है correct?
Customer: हां जी हां जी ma'am  की बात नहीं
Customer: हां जी.
Agent: मैं आपको बताना चाहूंगी कि अगर आपको वह  Cred के end से reflect हो रहे हैं means cred application से ही reflect हो रहे हैं उसके regarding आपको बताना चाहूंगी कि हमारे पास एक dedicated team है तो आपको इसमें ज़्यादा बेहतर तरीके से  कर पाएगी अगर आप चाहें मैं आपकी call को relevant team को transfer कर सकती हूं इसके अलावा अगर वह loan आपके cred से नहीं है. Cred outside cred application से वह आपके loan reflect हो रहे हैं उसके लिए आपको अपने bureau को contact करना होगा क्योंकि हम आपको वही report हमारी application पर आपको वही report reflect होती है जो हम bureau से fetch करते हैं तो अगर वह cred application से अलग है तो request करूंगी कि आप एक बार अपने bureau को contact कीजिए और अगर वह Cred के  cred का नाम visible है कि वह cred से reflect हो   तो उसके regarding हमारे पास dedicated team है तो आपको इसमें ज़्यादा
Customer: cred ma'am मतलब cred का मतलब नाम ही show हो रहा है उस पर उसमें ना लिख  रहा है consumer loan लिखकर आ रहा है
Agent: Ok.
Agent: Alright. क्या उसमें आप मुझे एक बार confirm कर सकते हैं lending partner कौन  lending partner का नाम confirm कर सकते है
Customer: एक minute.
Agent: जी.
Customer: Ma'am जैसे मेरे को consumer loan   active और यहां पर लिख रहा है south Indian bank account number
Customer: यह यह   मतलब इसके अलावा कुछ नहीं आ रहा
Agent: जी क्या आप एक बार screenshot share कर सकते हैं
Customer: कहां पर show कर रहा है
Agent: जी  मैंने आपको एक link share किया है request करूंगी कि आपको screenshot attach कर दिए कर दीजिए उस link पर जब आप link पर click करेंगे आप redirect हो जाएंगे application के support section पर और आपको option visible होगा add attachment करने के
Customer: जी.
Customer: एक minute
Agent: जी, share करने के बाद inform कर दीजिएगा please.
Agent: मैं call पर रही हूं. जी क्या आप confirm कर सकते हैं कि आप अभी share कर रहे है
Customer: हां जी.
Customer: हां जी अभी कर रहा हूं statement.
Agent: Alright, please share करने के बाद inform कर दीजिएगा मैं call पर रहिए
Customer: जी हां जी एक minute
Agent: आप share कर रहे हैं
Customer: हां जी  कर रहे हैं actually ना वहां पर आप action show कर रही है credit card की
Customer: तो वह install हो रही है अभी
Customer: हां जी हो गया just
Customer: hmm
Customer: जो आपने link भेजा था ना  यहां
Agent: जी.
Customer: upload the document that why credit portal and on this link
Customer: link open करता हूं तो सीधा open app open हो रहा है.
Customer: उसके अलावा कुछ नहीं आया
Agent: Ok, आप मैं request करूंगी   आप cred application के support section में जाइए और आपको आपका recent ticket वहां पर visible होगा query on desk करके और जब आप view conversation पर click करेंगे तो आपको option आ जाएगा add attachment करने के
Customer: हां जी ma'am उसको open कर लिया
Agent: जी.
Customer: view detail करूं?
Customer: Yes.
Customer: Yes.
Customer: add attachment
Agent: Yes.
Agent: जी.
Agent: Ok.
Agent: जी.
Agent: share करने के बाद inform कर दीजिएगा please.
Customer: हां जी.
Customer: ma'am send तो करिए
Agent: अभी receive जी attachment receive हो चुकी है please call पर बने रहिए ताकि मैं एक बार इसको अपने end से check कर पाऊं
Customer: हां जी, हां जी.
Customer: जी.
Agent: please call पर बने रहिएगा.
Customer: जी ma'am जी
Agent: ठीक है
Agent: जैसे कि मैं देख पा रही हूं कि दो loan reflect हो रहे हैं south Indian bank का
Agent: Correct.
Customer: हां जी.
Agent: hmm
Agent: और एक  Bank से correct
Customer: हां जी
Agent: जी please call पर बने रहिएगा.
Agent: no
Agent: Ok.
Agent: रंजीत क्या मैं आपकी call को एक minute के लिए hold पर रख सकती हूं ताकि मैं information check कर पाऊं इसके regarding?
Customer: हां जी, हां जी, हां जी.
Agent: Thank you so much please call पर बने रहिएगा.
Customer: Ok.
Agent: हां.
Agent: Hold पर बने रहने के लिए धन्यवाद अर्पित.
Customer: Hello.
Agent: जी मैं आपको बताना चाहूंगी  जैसे कि मैं अपने end से check कर पाई हूं कि इसमें cred की कोई भी visibility नहीं है  कि Cred से आपने लिए है नहीं लिए हैं और हम आपकी profile भी cred का कोई नहीं देख पा रहे हैं तो इसके लिए मैं आपसे request करूंगी कि आप please एक बार अपने bureau को contact कीजिए क्योंकि हम आपको वही report reflect करते हैं जो हम bureau से fetch करते हैं
Customer: Yes.
Customer: Ok.
Customer: Ma'am मतलब कैसे contact करेगी
Agent: आप चाहें तो आप means किसी भी browser पर जाकर official उनकी website  कर सकते हैं. इसके अलावा आप cred application से भी bureau को contact कर सकते हैं मैं आपको कुछ steps guide कर सकती हूं
Customer: हां जी ma'am बताइए.
Agent: आपको home page पर जाइए cred application की
Customer: हां जी.
Agent: profile icon पर click कीजिए.
Customer: हां जी.
Agent: credit score पर click कीजिए.
Customer: जी ma'am.
Agent: उसके बाद view report पर click कीजिए.
Customer: कहां पर  report option नहीं आ रही
Agent: Ok, आप एक बार scroll down कीजिए आपको report an issue करके option visible है
Customer: नहीं ma'am इस पर नहीं आ रही
Agent: जब आप
Agent: credit score पर click किया आपने तब आपको view report या फिर report an issue करके कोई option visible है scroll down करने पर
Customer: हां जी
Customer: नीचे sport  report be report   है लेकिन
Agent: जी report  error पर ही आप click कीजिए.
Customer: हां जी
Agent: उसके बाद proceed to cibil portal पर click कीजिए.
Customer: Ma'am  error के option पर click करें
Agent: जी.
Customer: तो वहां पर एक control number लिखकर है और नीचे लेकर control contact support आ रहा है
Agent: जी आप contact आप एक बार मुझे contact support पर click करके confirm कर सकते हैं कि आप वहां पर redirect हो रहे हैं अगर आप cibil के portal पर redirect हो रहे हैं तो आप अपना concern raise कर सकते हैं उसके regarding.
Customer: हां जी ma'am CIBIL portal पर आ रहा है अभी
Agent: Ok. Ok आप तो अगर आप CIBIL के portal पर proceed कर पा रहे हैं तो आप अपना concern raise कर सकते हैं इसके regarding ok?
Customer: ठीक है ma'am. Ok.
Agent: जी इसके अलावा कोई और सहायता कर सकती हूं cred के regarding आपकी
Customer: thank you
Agent: Alright की  call के end होने से पहले क्या मैं आपसे हमारी बातचीत के आधार पर एक छोटे से feedback के लिए request कर सकती हूं please?
Customer: Ok ma'am ok कर दी
Agent: Thank you so much अभी आपकी call अपने feedback IVR पर transfer कर रही हूं जहां पर आप हमारी बातचीत के आधार पर एक से पांच के beach में rate कर सकते हैं. जिसमें एक सबसे कम होगा और पांच सबसे अधिक Cred को choose करने के लिए धन्यवाद. उम्मीद करती हूं आपका दिन शुभ रहे
Customer: Thank you
Agent: We request you to rate your experience with our expert on a scale of 1 to 5 with 1 being poor and 5 being excellent.
Agent: Please press the number on your dial pack to
Agent: You have just helped us improve the credit experience for all our members.
Agent: Do reach out again in case of any other concerns.
Customer: Ok.
Agent: Thank you and have a good day."
03f8381d-16f4-41c9-b5d2-50a62c8d36d6	"Agent: Good morning. This is Sorry. I am here to assist you today. Am I speaking with पर?
Agent: Thank you for confirming. As I can check, you have raised a concern from for the product that you have purchased from the Cred store and the product company name is portronics
Customer: Yes
Agent: Ok. And you have not received the product yet right? that is
Customer: हां.
Customer: Yes. Mam
Customer: it is not been delivered
Agent: जी.
Agent: Ok, I understand your concern का. I'm very sorry for the inconvenience. Please allow me a moment. I am checking the details.
Customer: day
Customer: Yes.
Customer: Sure.
Customer: Yes
Customer: ok
Agent: Please be online.
Agent: you had ordered  smart dash bill correct?
Customer: हां हां
Agent: Ok.
Agent: As I can check expected delivery date was 20 sixth of march to 20 ninth of march and you have not received the product yet
Customer: Yes yes.
Agent: Ok. I am very sorry about that. Please let me check what is the
Customer: Yes
Customer: it was
Customer: हां.
Agent: why it is
Customer: No.
Agent: Do not worry, we will surely help you
Customer: हां
Agent: I am raising this concern with our internal team so that they can work on it
Customer: Yes.
Customer: Ok.
Customer: Thank you.
Agent: and they can welcome.
Agent: and for that so can you please help me with the alternative contact number.
Customer: just
Customer: This number only you can same number.
Agent: Ok.
Agent: Ok, Is it given in
Customer: Yeah.
Agent: for the delivery as well
Customer: Yes. Yes.
Agent: Ok so there is no other number.
Customer: No
Agent: Ok, no issues.
Agent: Can you please tell me  nearest landmark?
Customer: it is
Customer: जबलपुर main road
Agent: Can you please tell me the spelling
Customer: Double
Agent: Ok. Please be online.
Customer: a
Agent: Double
Customer: हां
Agent: Ok, dot  school
Customer: mail
Agent: main road
Customer: main road
Customer: Yes.
Agent: Ok. Ok, thank you for sharing the information. So I have raised your concern with our internal team.
Agent: the maximum timeline for the update is  of  but do not worry this is just a maximum timeline
Agent: we will definitely try our best to get back to you as soon as possible and as we get an update from the internal team you will receive a WhatsApp notification and you will be able to check the same update in the cred application support section.
Customer: Ok.
Customer: Yes mam
Customer: ok
Customer: हां.
Customer: product
Customer: हां.
Customer: Thank you
Agent: हां.
Agent: Welcome.
Agent: Is there anything else apart from this?
Customer: No. No. Thank you.
Agent: great
Agent: So before we end this call, can I make a small request to you regarding your valuable feedback.
Agent: Awesome I will transfer this call to the feedback IVR.
Agent: you can select  5 to 1 is rating
Agent: 5 means excellent 1 means poor. Thank you for choosing Cred. I hope you have a wonderful day ahead.
Customer: हां.
Customer: Thank you
Agent: Welcome
Agent: We request you to rate your experience with our expert on a scale of 1 to 5 with 1 being poor and 5 being excellent.
Agent: Please press the number on your dial pack to
Agent: You have just helped us improve the credit experience for all our members.
Customer: already
Agent: Do reach out again in case of any other concerns.
Customer: हां.
Agent: Thank you and"
04400d28-62d5-47f5-80f4-93313282dcc7	"Agent: Good morning. This is Situ. I am here to assist you today. Am I speaking with सुरेंद्र?
Customer: तो क्या
Customer: Hello.
Customer: Yeah, actually I'm not able to  you are saying
Customer: I'm not able to redeem
Agent: Thank you for confirming
Agent: Yes.
Customer: I'm not able to redeem that  voucher I just purchased
Agent: Ok, I understand. apologize for the inconvenience allow me a minute. I will check the details for you to assist you on the matter.
Customer: Ok.
Customer: I have uploaded the screenshot
Agent: So
Agent: Thank you for sharing that
Agent: Just allow me a minute. I will check that and before that can you please let me know
Customer: Yeah.
Agent: when you are trying to redeem this gift card which you have purchased today
Agent: you are yes you are following all the redemption  and the terms and conditions has mentioned
Customer: Yes
Agent: Ok.
Agent: before initiating the redemption process you need to update the Google application.
Customer: it is updated  on the latest
Agent: updated right and after that
Agent: need to make sure you not in any on going ship
Customer: No no.
Agent: Ok. So the steps should be when you are opening the
Agent: Google application.
Agent: you need to go to the account  and there
Customer: हां.
Customer: Yeah.
Agent: you will be able to
Agent: right wallet and there you will be able to see an option of gift voucher gift card.
Customer: plus
Agent: Correct.
Agent: click on that
Customer: Yeah, follow that
Agent: and then please I would request you to make sure to put the also  of the  card not the card number.
Agent: Yes.
Customer: wait
Agent: as mentioned in the redeemtion process.
Customer: I think this was the problem.
Agent: Please try and let me know
Customer: wait a minute. I'm just
Agent: Sure
Customer: So now it's done. Thank you. Thank you so much. Have a nice day."
048ce50f-d238-4b42-b133-aae7082df92d	"Agent: Good morning. This is शुक्रिया. I am here to assist you today. Am I speaking with सतीश?
Customer: Ma'am I am raise
Customer: 3 days sorry
Customer: small resolved ma'am
Agent: Ok, understood. really sorry for that but the only thing I need to confirm Am I speaking with पंकज?
Customer: Yes ma'am.
Agent: Thank you for confirming. Just allow me a moment. I'm checking the previous ticket
Customer: Ok.
Customer: जी.
Agent: So regarding the credit for withdrawal you have raised the concern.
Customer: Yes madam.
Agent: Ok. I can check
Agent: I'm very sorry actually right now I can check the update that we are facing some technical issue in the application that is the reason
Agent: are unable to proceed your drop down request However, do not worry about it be assured that
Customer: Ok.
Agent: we are trying our level best so that we can fix this technical issue as soon as possible. And once this technical issue is fixed from our end, we will notify you  WhatsApp after that you can try to withdraw
Customer: it will be clear madam
Agent: actually due to the complexity nature of the issue I'm not able to give you the exact timeline but as soon as possible you will be notified once the technical issue is fixed
Customer: Ok. It's already friday
Agent: I can check I am very sorry for
Agent: just allow us some time as soon as possible
Agent: technical issue
Customer: Ok. Please notify that
Agent: Ok, anything else  can
Agent: Sure sure.
Agent: anything else I can help you with?
Customer: Ok. Thank you.  no no no madam. Thank you
Agent: Ok, no issue. And before we end this call, would you like to share your valuable feedback based on the conversation
Agent: Thank you so much.   a lot
Agent: should I forward the call to the"
04c9854b-c20a-4396-b0cf-2438e3ea36f8	"Customer: Hello.
Agent: Good afternoon. This is Adarsh calling from Cred on a recorded line. Am I speaking with अमित?
Customer: Yes.
Customer: Yes yes yes.
Agent: Thank you very much for the confirmation.  Is this a good time to speak with you
Customer: Yes.
Agent: Thank you very much. I can see you have raised your concern regarding cred offer that you have been facing some withdrawal issue   not
Customer: Correct.
Agent: and your concern was already highlighted from our end to our relevant department.
Agent: the update which has been given to you earlier that
Agent: as of now, we do apologize to inform you are facing technical issue.
Customer: Ok.
Customer: जी.
Agent: that's the reason why right now it is not possible to proceed for the withdrawal but let me inform 1 more thing  that our team is already working on that
Agent: and once there is any update regarding that particular issue which you are facing you will get notified from our end.
Customer: But for any concern any ticket there should be  there will be timeline but you are giving the time.
Customer: I cannot give you time.
Customer: it could be  month 2 months 1 year 2 year
Customer: How long activate
Agent: See, I do understand that you have been looking for a time period and but basically what happened that it is a very rare instance that happened on cred application. So right now due to the complexity of that particular issue we do not have the timeline as well. And believe if we had any timeline we will be more than happy to provide you that
Customer: Correct.
Agent: right now
Agent: we cannot make the time on or on right? the issue doesn't get solve within that time that will be as promise from our end, right? which is against  policy That's why we are not able to provide you the timeline But let's so for the best once
Customer: But for but for any of  ticket you cannot
Customer: मतलब
Customer: is
Customer: you have to give the timeline
Customer: मतलब legal  genuine concern
Agent: Yes, I can I can
Customer: I need time I need that any time you say it will take 1 year it's ok.
Customer: you need the time
Customer: ok
Agent: that is the scenario if if I have any time from my end if I have the visibility I will be more than happy to provide you that. But as I mentioned
Customer: ok
Customer: Ok.
Customer: So
Customer: Yeah.
Customer: Ok. in any process any  any team  raise the complaint to higher authority
Customer: any I don't know
Customer: any delay
Customer: I cannot wait
Customer: there is cancel  send everything.
Customer: send me mail
Customer: No loan will be processed all in will be canceled.
Customer: Because I have tried on the stand paper.
Agent: for that point of you that your concern was already highlighted from our from our end all  by mentioning all the details the issue which have been facing
Agent: But also we have received the update from our team as well and the update which we have receive  providing you that only and as I mentioned that  there any update we will get notify through WhatsApp as well. So right now, we suggest you 1 thing that yes
Agent: it might happen that
Agent: emergency requirement of fund in that scenario suggest you  to some alternative source but right now for the cred  from where you have been trying to withdraw right now it is not possible to proceed really do apologize for that
Customer: Ok. Thank you.
Agent: You're welcome. Anything else apart from that I can help you out?"
0518552a-d35e-49cc-ab87-8039962afcb7	"Agent: Good evening. This is पामीर. I am here to assist you today. Am I speaking with अनुपम
Customer: Yes.
Agent: जी शुक्रिया confirm करने के लिए
Customer: Hello.
Agent: जी
Customer: हां.
Agent: जैसे कि मैं देख पा रहा हूं आपने concern raise किया है regarding delivery के regarding  आपका product wrong product deliver हुआ है. क्या मैं सही हूँ
Customer: company का ही हुआ है लेकिन
Customer: product दूसरा आया है
Agent: दूसरा आया जी शुक्रिया confirm करने के लिए माफी चाहता हूं आपने जो inconvenience face किया
Agent: आप निश्चिंत रहिए मैं आपकी सहायता करने के लिए जी
Customer: हां.
Agent: मैं अभी आपको एक link share कर रहा
Agent: ठीक है
Customer: हां.
Agent: वहां जो भी product आपको receive हुआ है वहां
Agent: add attachment में जाकर
Agent: upload कर दीजिए मुझे मैं हूं call पर ठीक है मैंने आपको एक link आपके SMS में share किया है
Customer: अच्छा.
Agent: जी
Customer: आया है अभी आया है
Agent: जी.
Agent: जी जी please share कर दीजिए images
Customer: अच्छा.
Customer: तो उसके बाद क्या होगा मतलब सही product आएगा या अभी
Agent: मैं फिर
Agent: हां मैं आपका concern internal team में forward कर रहा हूं इसके regarding.
Agent: internal team investigate करेगी issue. ठीक है आप please मुझे share कर दीजिए.
Customer: अच्छा
Customer: अच्छा
Customer: अच्छा ठीक है ठीक है
Agent: आप अभी कर देंगे या थोड़ा time लगेगा
Customer: नहीं नहीं अभी अभी कर रहे हो अभी कर रहे हो
Agent: ठीक है ठीक है मैं वह call पे
Customer: call पर   मैं अभी कर रहा हूँ
Customer: और दो दो product आना चाहिए था
Customer: तो दो pack था लिखा लेकिन एक pay या
Customer: पता का
Customer: लेकिन  एक  का दो pack आएगा
Customer: मतलब
Agent: जी मैं समझ रहा हूं आप निश्चिंत रहिए.
Customer: मैं मैंने दे दिया ना photo
Agent: हां शुक्रिया.
Agent: images देने के लिए. मैंने अभी आपका concern internal team में forward कर दिया है अनुपम जी आप निश्चिंत रहिए internal team investigate करेगी और हम लोग आपको update provide कर देंगे.
Customer: हां.
Agent: सात april तक या फिर हो सकता है उससे पहले भी आपको update मिल जाए WhatsApp notification या फिर अपने Cred app के support section में भी check कर सकते है
Agent: ठीक है
Customer: अच्छा अच्छा ठीक ठीक है
Agent: जी और कोई help कर सकता हूं मैं आपकी आज के लिए
Customer: नहीं नहीं बस इतना ही था
Agent: जी मैं ठीक है इससे पहले की call खत्म हो क्या मैं आपसे request कर सकता हूं आपसे एक छोटे से feedback के लिए मेरे और आपके बातचीत के आधार पर
Agent: में जी मैं अभी आपकी call को हमारे
Customer: हां.
Agent: feedback IVR में transfer कर रहा हूं. जहां आप एक से पांच तक select कर सकते हैं. पांच मतलब सबसे ज़्यादा एक मतलब सबसे कम credit choose करने के लिए आपका धन्यवाद. आपका आगे का वक्त अच्छा हो
Agent: We request you to rate your experience with our expert on a scale of 1 to 5 with  you have just helped us improve the credit experience for all our members.
Customer: जी.
Agent: Do reach out again in case of any other concerns.
Agent: Thank you and have a good day."
0527f4f0-05a7-49ef-b4f4-817badaf8675	"Agent: good evening this is सुमित. I am here to assist you. Am I speaking with Vishnu
Customer: Yes.
Agent: ishan thank you for confirming your name
Agent: As I can check, you have raised a request regarding that your PAN card is wrong. So you want to change the PAN card.
Agent: So
Customer: जी मेरा  PAN card का जो number है ना वह गलत डाल दिया है मैंने यह अच्छा
Customer: आपको क्या दिखा रहा है मेरा PAN card number?
Agent: असुविधा के लिए खेद है
Agent: निश्चिंत रहिए आपकी concern  मैं आपकी बिल्कुल  करूंगा
Agent: जैसे आपने mention किया कि आपने आप onboard जब आप onboard करे थे cred को आपने गलत PAN card का जो number है वह आपने enter कर दिया था mistakenly
Customer: हां.
Customer: हां.
Agent: आप उसे connect करना चाहते
Customer: हां.
Agent: जी विश् बेहतर जानकारी के लिए क्या मैं आपके call को एक minute hold पर रख सकता हूँ
Customer: Ok.
Customer: हां.
Customer: on
Customer: rating
Customer: जी.
Agent: hold पर बने रहने के लिए धन्यवाद लंबे hold के लिए मैं क्षमा चाहता हूँ
Customer: Ok.
Agent: जी.
Agent: which
Agent: मैं आपसे request करता हूं जैसे आपने mention किया कि PAN card का जो आपने number है वह आपने गलत
Agent: आपने enter किया था तो इसी की वजह से मैं आपसे request करता हूं आप अपना जो PAN card है
Agent: उसका
Customer: hmm
Agent: photo जो है हमारे साथ share कर दीजिए.
Agent: जिस पर आपका
Customer: आप एक बार मुझे confirm  कीजिए कि  PAN card का last digit क्या है?
Agent: जी अभी जैसे कि मैं देख पा रहा हूं  हमारे end पर आपका जो PAN card का जो details है वह show नहीं हो रहा है
Agent: जैसे कि देख पा रहा हूं आपने PAN card add नहीं कर रखा है
Customer: अच्छा नहीं
Agent: जी.
Agent: जैसे कि मैं अपने end से check कर
Customer: credit card
Agent: कृपया समय दीजिएगा.
Customer: Ok.
Customer: जी
Agent: कृपया समय दीजिएगा.
Customer: Ok.
Customer: Ok.
Customer: हां.
Customer: Ok.
Customer: हां sir
Customer: Yes.
Agent: रवि call पर बने रहने के लिए धन्यवाद.
Agent: delay के लिए मैं क्षमा चाहता
Agent: बताना चाहूंगा PAN card जो है आप अपने end से add कर नहीं पाते
Agent: onboarding के time पर आप
Agent: PAN card को add करते है
Agent: बताना चाहूंगा
Agent: कि PAN card add करने का request जो है वह हमारे end से ही possible होता है
Agent: right? तो मैं आपसे request करता हूं आप अपना PAN card जो है वह share कर दीजिए.
Agent: जैसे कि
Customer: कैसे
Agent: जी.
Agent: PAN card share करने के लिए मैं आपको एक link send कर रहा हूं
Agent: via SMS आपके registered phone number पर
Agent: कृपया check कीजिएगा.
Customer: Ok.
Agent: check कीजिए मैंने आपको एक link send किया है via SMS आपके registered phone number
Customer: Thankyou
Agent: phone number पर जिससे कि आप PAN card का जो photo है वह share कर पाएंगे.
Agent: बताना चाहूंगा
Customer: Ok.
Agent: जी.
Customer: hmm
Agent: यह आपका cred registered जो नाम है
Agent: वह वही PAN card में show होना चाहिए.
Customer: hmm
Customer: हां वही है
Agent: Ok.
Agent: क्या आप confirm कर
Customer: मैं ऐसा पुछ रहा था और कि उसमें है
Customer: जैसे कि
Customer: balance जो रहता है ना cashback दस  क्या वह account transfer होता है  क्या होता
Agent: जी क्षमा चाहता हूं
Agent: cred balance है उसका कोई  value नहीं है हालांकि आप cred balance  अपने credit card bill payment.
Agent: और utility bill payment से use कर पाएंगे.
Customer: अच्छा.
Customer: Yes ma'am.
Agent: तो आप
Agent: इसी call में आप
Customer: front page मैं आपको send कर देता
Agent: Ok.
Customer: PAN card.
Agent: जी.
Customer: कर दिया मैंने
Agent: धन्यवाद कृपया समय दीजिएगा जैसे कि मैं check कर
Customer: हां.
Agent: कृपया समय दीजिएगा.
Customer: Ok.
Customer: So
Customer: Yes.
Agent: जी विश् PAN card का photo share करने के लिए धन्यवाद.
Agent: और बताना चाहूंगा विष्णु जैसे कि मैं check कर पा रहा हूं आपका जो cred registered नाम है वह है विष्णु कोमल
Customer: हां.
Agent: और आपके PAN card पर
Customer: Yes.
Agent: आपके PAN card पर show हो रहा है  तो विष्णु रवि सिंह तो आप कृपया  इसमें जो है काफी changes है. तो आप confirm कर सकते हैं कि दोनों दोनों नाम एक ही person को belong करता है
Customer: हां हां
Customer: हां.
Customer: एक ही person को long करता है और मुझे इससे change करना है इसमें तो  Google से लिया हुआ है यह इसमें करना
Agent: एक
Customer: जो Google account है ना मेरा
Agent: जी.
Customer: उसमें लिखा है उसमें तो मैं जो Google link करने का था तो मैंने link कर दिया तो उसने direct ले
Customer: समझ पा रहे
Agent: जी confirm करने के लिए धन्यवाद समय दीजिएगा.
Customer: हां.
Agent: जी.
Customer: हां.
Agent: जैसे कि आपने
Agent: PAN card जो हमारे साथ share कर दिया है share कर दिया है तो
Agent: आपके provide
Agent: PAN card के photo के साथ मैं आपका जो concern है हमारे relevant team को
Agent: forward कर रहा हूं जैसे कि वह आपके issue के regarding जो details है उनको manually check करेंगे और जैसे ही आपके issue के regarding कोई भी update आता है हमारे
Customer: हां.
Customer: Right.
Agent: relevant team के end से हम आपके साथ बिल्कुल coordinate कर देते हैं
Agent: समय दीजिएगा मैं आपका जो concern है forward कर रहा हूं
Customer: आप खाली update करवा दो जो PAN card की detail है ना वह पूरी यही करवा दो नाम भी सभी document में
Agent: जी उसके लिए उसके लिए विषय मैं आपको बताना चाहूंगा
Agent: हमारी
Agent: जो आपका name change के लिए जो request
Agent: क्षमा चाहता हूं जो PAN card
Customer: हां.
Agent: details update करने के लिए आपका जो request था उसके लिए
Agent: मैंने आपका concern already forward कर दिया है हमारे relevant team को
Customer: Ok.
Agent: जी.
Agent: कृपया थोड़ा सा समय दीजिएगा.
Agent: मैं आपको एक time frame बताऊंगा
Agent: उस time frame के
Agent: अंदर अंदर आप जो है आपको एक update receive हो जाएगा हमारी internal team के end से
Agent: कृपया समय दीजिएगा.
Customer: Ok.
Agent: कर
Customer: Yes.
Customer: हां.
Agent: Ok.
Customer: हां.
Customer: hmmm
Agent: Yes.
Customer: Yes.
Agent: जी विष्णु आपको बताना चाहूंगा आपका जो concern है मैंने
Agent: हमने अपने relevant team को forward कर दिया है तो मैं आपसे request करता हूं कृपया
Agent: सात april तक wait कीजिए यह जो है maximum time frame है possibility है कि उसके पहले ही आपके issue के regarding जैसे ही हमारी internal team के end से कोई update आता है हम आपके साथ surely coordinate कर लेते हैं
Agent: और बताना चाहूंगा साथ ही साथ
Agent: जो update update के regarding हम आपको notify भी करते है
Agent: whatsapp के द्वारा और
Agent: आप
Agent: आप
Agent: अपने end से check भी कर सकते है
Agent: update के regarding
Agent: अपने Cred app से आपके Cred app से जो कि support section में जाकर आप check कर पाएंगे
Agent: आपका जो जो update का जो status है वह check कर पाएंगे
Customer: Ok.
Agent: जी तो इसके अलावा cred से संबंधित आपकी कोई सहायता कर पाऊंगा विश्वमा
Customer: No no thank you
Agent: जी धन्यवाद आपके valuable time के लिए तो call end करने से पहले क्या मैं आपसे एक छोटे से feedback के लिए request कर सकता हु
Agent: जो कि होगा हमारे बातचीत के आधार पर
Customer: Ok.
Customer: Ok.
Agent: धन्यवाद आपका call जो है हम अपने feedback IVR में transfer कर रहे है
Agent: आप एक से पांच के beach में चुन सकते हैं. जहां पर पांच सबसे बेहतर और एक सबसे कम Cred को चुनने के लिए धन्यवाद. आपका दिन शुभ हो
Customer: ok
Agent: We request you to rate your experience with our expert on a scale of 1 to 5 with 1 being poor and 5 being. You have just helped us improve the credit experience for all our members.
Customer: Thank you
Customer: Ok.
Agent: Do reach out again in case of any other concerns.
Agent: Thank you and have a good day."
057f58f7-5349-4def-9406-2a4bdce8bf98	"Agent: Good afternoon. This is and I am here to assist you today. Am I speaking with नरेश कुमार?
Customer: Yes.
Agent: Thank you for confirming your name.
Customer: Actually,
Agent: I can check that
Customer: Actually compared with only the
Agent: I'm really sorry but we can only support in English or हिंदी?
Customer: हां.
Customer: ok but I will manage little bit ok English.
Agent: Ok.
Agent: So  I can check that your concern is regarding on
Customer: हां.
Agent: your loan Am I right and the repayment
Customer: हां, yes yes.
Agent: Ok. So could you please explain your concern kindly that I can help you properly
Customer: Ok.
Customer: Actually,
Customer: 2 minutes back
Customer: Yeah
Customer: Yes you send you send me 1 link
Customer: to
Customer: Then
Customer: through email
Customer: you can you send you send the email ok
Agent: हां.
Customer: Hello.
Agent: Yes.
Customer: Actually 2 minutes ago
Customer: I talk to your agent
Agent: hmm
Customer: how how can i pay the
Customer: amount
Customer: so
Customer: sent the link
Customer: Actually,
Customer: I paid the total amount of loan, ok?
Agent: Ok.
Customer: हां.
Customer: So actually I want to remove
Agent: Ok, please allow me some time.
Agent: on  31 pm you tried to make a payment am I right?
Customer: Yes.
Customer: Actually I have received a paid receipt also.
Agent: But I am
Agent: but I'm really sorry to inform you the payment is got rejected
Agent: Could you please check it once from your side
Customer: no no
Customer: actually first is failed but
Customer: through link
Customer: through link
Agent: Do you have any screenshot
Customer: I said I have paid
Agent: Do you have any screenshot
Customer: Ok.
Customer: I have screenshot
Agent: Ok, please share with us. I'm sharing a link on your SMS.
Agent: through the link you can attach the screenshot over there. Please check
Customer: Ok.
Agent: Yes, I already shared the link. Please check it once.
Customer: hmm
Agent: you share the
Agent: shared the screenshot
Customer: 1 minute
Customer: जी
Customer: जी.
Customer: जी.
Customer: Ok.
Customer: Yes.
Agent: Yeah निलेश कुमार  you shared the screenshot with us
Customer: हां,  minute download
Customer: no
Customer: जी.
Customer: नहीं I shared you
Agent: Ok, please allow me some time.
Agent: Ok, yes, we receive the amount. Don't worry end of
Agent: end of the day the amount will be reflect on our side and also in your application within 24 hours you will receive the NOC
Agent: Ok?
Customer: Ok ma'am.
Agent: Thank you so much. So is there anything else that I can help
Customer: but can you send the
Customer: payment statement
Agent: right now we do not have because the payment is still not updated we receive the fund but still now the payment not updated
Agent: end of the day the payment will be updated
Customer: Ok, after 48 hours how can I check
Agent: 24 hours 24 hours.
Customer: Ok, how can I check  that
Agent: You can you can download the  noc from your application.
Agent: Ok?
Customer: where where it is
Agent: on the application, you will have the option of the support section.
Agent: you have to click on the support section and you will receive the loan document option. If you click on the loan document option and you can check this
Agent: right now you are not able to after 24 hours you can
Agent: Ok, thank you so much.
Customer: Ok ok.
Agent: So is there anything else that I can help
Customer: नहीं  please please
Customer: please update that
Agent: Yes yes yes. So is there anything else that I can help
Customer: No, actually I want  So at present
Customer: I want
Customer: payment statement
Agent: Right now right now is not possible please wait for 24 hours.
Customer: ok after that
Customer: can
Agent: Yes.
Agent: Yes.
Customer: Ok.
Agent: Thank you so much. Thank you for choosing Cred. I hope you have a great day ahead. Thank you
Customer: thank
Customer: sure"
059d99d5-f462-400a-bfb9-b00135ec0835	"Agent: Good evening. This is प्रथम. I am here to assist you today. Am I speaking with राज
Customer: Yeah.
Agent: Thank you for confirming. As I can see that you have raised a concern
Agent: you want to increase ID.
Agent: for your but  value is very low
Customer: hmm
Agent: Ok, I'll be checking on my end
Customer: Yeah.
Agent: I'll be checking  my end please be on the line.
Customer: Yeah.
Agent: allow me can I place your call on hold for a minute so that I can check on my end
Customer: Yeah.
Agent: your vehicle number is ending with 059 Is it right?
Customer: Yeah.
Agent: Thank you
Agent: Can I place your call on hold for a minute
Customer: Yeah.
Customer: hmm
Agent: Thank you so much.
Agent: Yes.
Agent: Thank you. Thank you for being online. I really appreciate your time and patience.
Customer: Yeah.
Agent: Yeah.
Agent: Have you purchased an insurance in
Agent: minimum value of IDV
Customer: No, because I didn't notice the IDV while purchasing only when I was looking  the policy and I really  is very low value
Agent: Ok. So basically as I can see online it's not  to adjust that
Agent: to
Agent: update that. So I would request you to renew your insurance if you want any changes regarding your IDV So if you want you can contact your insurer directly
Customer: No, I don't think I'm getting help there. I want to cancel the policy what is the process?
Agent: Yeah. Just allow me a minute. I'll be checking on mine
Customer: Yeah.
Agent: you want to cancel your policy right
Customer: Yeah yeah. Because it you know the ID is almost more than 50 percent of the vehicle cost
Customer: just 1 year old and I got  22 lakh
Customer: and they are showing for 1. how come within year they can reduce the 50 percent.
Agent: I understand. I am really sorry for that
Agent: sir would like to cancel the policy  help you to help you in this as soon as possible for you for the fast resolution I would request you to please contact your insurer directly I will providing the contact details.
Customer: Yeah.
Customer: No ID.
Customer: I did get today no response from them
Customer: I don't think I don't want to lose the time again.
Customer: after some time then they will say the policy active the policy is still not active.
Customer: I mean not started yet it's starting only in  of april
Customer: better  cancel I will go for another policy
Agent: policy as I can see that started so
Agent: on your behalf  have we are going to cancel at your request
Agent: according your insurance so we need some documents on your behalf it might take time. So we need some documents I would request you to please share with us so that we will be raising your concern on our internal team and it should be help you
Customer: hmm
Customer: hmm
Agent: So
Agent: first of all you have to please share alternate policy which is third party policy mandatory by the government
Customer: hmm
Agent: and secondly I would request you to please share a cancel check the name on the check should match the name on the policy
Agent: we need a concern
Customer: hmm
Agent: and for the need ID proof आधार card front and back PAN card front and back
Agent: and five as both side. So I would request you to share some documents with us so that will be raising your concern.
Agent: and
Agent: on the
Customer: Can you can you repeat again
Agent: Sure  not
Agent: Yeah, first of all, we need the third party policy which is mandatory by the government
Customer: third party policy
Agent: have to share that I would request you yeah and secondly we
Agent: canceled check the name on the check should be match the name of the policy.
Agent: and thirdly we need a consent
Agent: why would you want to cancel it
Agent: like that you have to mention over there on the concern
Agent: you have to mention
Agent: as you request to I wish
Customer: right
Agent: Yeah.
Customer: write  letter or what
Agent: Sorry, yeah.
Agent: on the link  you have to write  later. simply you can
Agent: mentioned over there I wish to cancel my policy with policy number for vehicle number.
Agent: you have to mention over there and please
Customer: hmm
Agent: you are sensor on that
Agent: and please also mention that is for a consent
Agent: and for the of the vehicle owner ID proof आधार card front and back PAN card front and back
Agent: and  we want an RC both side I would request you to please share RC also we need some documents so that we will be raising your concern on your behalf
Agent: and contacting your insurer directly
Customer: hmm
Agent: Ok. So
Agent: would
Agent: I'll provide you a link on your calling number. So once you click on the link you will be redirect in the support section of the Cred app
Agent: where you will get the option add attachment. You can attach the document over there.
Customer: Ok.
Agent: So please be on the line. I'll be sharing that
Agent: Yeah.
Agent: So I successfully share SMS on your calling number So please go ahead and click the link you will be redirect in the support section of the Cred app.
Agent: where you will get the option add attachment you can attach the document over there. So  you attaching right now?
Customer: No, I'll I'll do it  later
Agent: Ok. I'll be
Agent: open your ticket once you're done with the attached
Agent: we will reach out to you directly you don't have to
Agent: raise a call me now request again
Customer: Yeah.
Agent: Yeah, is there anything
Agent: Is there I can help you with?
Customer: No, nothing. Thank you
Agent: Ok, राज before we end this call, may I request you to share your valuable feedback on the basis of our conversation we had?
Customer: hmm
Agent: great
Agent: I'll transfer your call to our feedback IVR. You can select between 1 to 5, 5 being excellent and 1 being poor. Thank you for choosing Cred. Have a great day ahead.
Customer: hmm
Agent: We request you to rate your experience with our expert on a scale of 1 to 5 with 1 being poor and 5 being excellent.
Agent: You have just helped us improve the credit experience for all our members.
Agent: Do reach out again in case of any other concerns.
Agent: Thank you and have a good day."
